label,em,f1,bleu,answer_ratio
"(0, 3]",78.57142857142857,92.27891156462586,82.3522637914184,99.4047619047619
"(3, 5]",44.44444444444444,83.0246913580247,60.48158183385166,104.16666666666667
"(5, 8]",50.0,71.00427350427351,56.5292081498381,80.00992063492063
"(8, 12]",76.92307692307692,90.26223776223777,83.44065855588224,87.89821289821289
"(12, 18]",50.0,72.16374269005848,67.07226360507396,93.30596854126266
"(18, 31]",50.0,78.37056856187293,66.31129588019782,75.1999194847021
"(31, 200]",33.333333333333336,85.66095188836152,81.79936532575564,102.88006756756755
