label,em,f1,bleu
"(0, 3]",89.28571428571429,97.24489795918369,85.81373376503596
"(3, 5]",72.22222222222223,94.24603174603175,85.63335593645496
"(5, 8]",83.33333333333333,89.10130718954248,81.79566560374376
"(8, 12]",92.3076923076923,92.3076923076923,93.02766217081059
"(12, 18]",70.0,79.62406015037593,73.9603758761865
"(18, 31]",60.0,84.51145255370606,79.31858474035879
"(31, 200]",83.33333333333333,83.33333333333333,84.3638520286455
