label,em,f1,bleu,answer_ratio
"(0, 3]",89.28571428571429,97.24489795918369,85.81373376503596,104.76190476190477
"(3, 5]",72.22222222222223,94.24603174603175,85.63335593645496,98.88888888888889
"(5, 8]",83.33333333333333,89.10130718954248,81.79566560374376,99.72718253968254
"(8, 12]",92.3076923076923,92.3076923076923,93.02766217081059,93.07692307692308
"(12, 18]",70.0,79.62406015037593,73.9603758761865,102.08123249299719
"(18, 31]",60.0,84.51145255370606,79.31858474035879,104.45144927536232
"(31, 200]",83.33333333333333,83.33333333333333,84.3638520286455,84.69438188188188
