label,em,f1,bleu,answer_ratio
"(0, 3]",85.71428571428571,95.4591836734694,81.35562475168778,107.14285714285714
"(3, 5]",83.33333333333333,95.83333333333333,89.5696148868381,101.38888888888889
"(5, 8]",79.16666666666667,85.64814814814815,77.8188189565427,104.61309523809523
"(8, 12]",92.3076923076923,99.14529914529915,96.65872297893436,103.0769230769231
"(12, 18]",90.0,95.55555555555556,92.86029058931801,92.90476190476191
"(18, 31]",70.0,95.71394799054373,93.71978701948515,100.80144927536232
"(31, 200]",66.66666666666667,80.20833333333333,77.69979958591307,79.87956706706707
