label,em,f1,bleu,answer_ratio
"(0, 3]",75.0,89.50680272108843,81.42109009151649,113.09523809523809
"(3, 5]",77.77777777777777,95.03968253968254,89.34072148956187,100.27777777777777
"(5, 8]",75.0,83.59010270774978,75.19266640309064,103.72023809523809
"(8, 12]",84.61538461538461,90.4761904761905,92.43787082649607,97.6923076923077
"(12, 18]",80.0,85.55555555555556,80.97430921262963,89.96358543417367
"(18, 31]",50.0,91.83249158249158,86.42143432425826,92.13478260869564
"(31, 200]",83.33333333333333,83.33333333333333,84.3638520286455,84.69438188188188
