label,em,f1,bleu
"(0, 3]",82.14285714285714,94.74489795918366,78.25892408818429
"(3, 5]",66.66666666666667,89.8015873015873,73.95979961829701
"(5, 8]",87.5,92.51253132832079,88.19480307181725
"(8, 12]",84.61538461538461,98.44599844599846,96.63014124920177
"(12, 18]",70.0,74.3859649122807,73.07262449002077
"(18, 31]",70.0,89.41443108233116,84.55667033559737
"(31, 200]",83.33333333333333,84.21052631578947,85.51990707316672
